{
  "generated_at": "2025-09-20T11:54:05Z",
  "duration_scale": 0.01,
  "max_requests": 250,
  "scenarios": [
    {
      "id": "steady-baseline",
      "pattern": "steady",
      "total_requests": 250,
      "included_requests": 226,
      "success_count": 250,
      "error_count": 0,
      "throughput_rps": 75.8919736708765,
      "error_rate": 0.0,
      "metrics": {
        "latency_ms": {
          "mean": 0.208567743371065,
          "p50": 0.18935850005163957,
          "p95": 0.3504712499875495,
          "p99": 0.44197075004603903,
          "max": 0.7313109999813605
        }
      },
      "stage_metrics": [
        {
          "name": "warmup",
          "pattern": "warmup",
          "include_in_metrics": false,
          "duration_s": 0.3,
          "demand_rps": 180.0,
          "observed_throughput_rps": 0.0,
          "latency_ms": {
            "mean": 0.2441759583291514,
            "p50": 0.2215969999497247,
            "p95": 0.3131206499574546,
            "p99": 0.4706993000854708,
            "max": 0.5174560001250939
          },
          "errors": 0,
          "saturated": false
        },
        {
          "name": "steady",
          "pattern": "steady",
          "include_in_metrics": true,
          "duration_s": 3.0,
          "demand_rps": 180.0,
          "observed_throughput_rps": 75.8919736708765,
          "latency_ms": {
            "mean": 0.208567743371065,
            "p50": 0.18935850005163957,
            "p95": 0.3504712499875495,
            "p99": 0.44197075004603903,
            "max": 0.7313109999813605
          },
          "errors": 0,
          "saturated": false
        }
      ],
      "saturation_points": [],
      "failure_modes": []
    },
    {
      "id": "poisson-read-heavy",
      "pattern": "poisson",
      "total_requests": 250,
      "included_requests": 225,
      "success_count": 250,
      "error_count": 0,
      "throughput_rps": 53.76000452329566,
      "error_rate": 0.0,
      "metrics": {
        "latency_ms": {
          "mean": 0.24099826221572584,
          "p50": 0.22082800001044234,
          "p95": 0.4259453999566176,
          "p99": 0.5454807200112552,
          "max": 0.6916629999977886
        }
      },
      "stage_metrics": [
        {
          "name": "warmup",
          "pattern": "warmup",
          "include_in_metrics": false,
          "duration_s": 0.45,
          "demand_rps": 150.0,
          "observed_throughput_rps": 0.0,
          "latency_ms": {
            "mean": 0.256221519994142,
            "p50": 0.23314500003834837,
            "p95": 0.371409199988193,
            "p99": 0.7011478000913491,
            "max": 0.8042470001328184
          },
          "errors": 0,
          "saturated": false
        },
        {
          "name": "poisson",
          "pattern": "poisson",
          "include_in_metrics": true,
          "duration_s": 4.2,
          "demand_rps": 150.0,
          "observed_throughput_rps": 53.76000452329566,
          "latency_ms": {
            "mean": 0.24099826221572584,
            "p50": 0.22082800001044234,
            "p95": 0.4259453999566176,
            "p99": 0.5454807200112552,
            "max": 0.6916629999977886
          },
          "errors": 0,
          "saturated": false
        }
      ],
      "saturation_points": [],
      "failure_modes": []
    },
    {
      "id": "burst-write-intensive",
      "pattern": "burst",
      "total_requests": 244,
      "included_requests": 244,
      "success_count": 244,
      "error_count": 0,
      "throughput_rps": 90.3870669706733,
      "error_rate": 0.0,
      "metrics": {
        "latency_ms": {
          "mean": 0.22518128279160488,
          "p50": 0.2018880001060097,
          "p95": 0.39820974997155645,
          "p99": 0.5557714998622028,
          "max": 0.7291090000762779
        }
      },
      "stage_metrics": [
        {
          "name": "warmup",
          "pattern": "warmup",
          "include_in_metrics": true,
          "duration_s": 0.6,
          "demand_rps": 1.0,
          "observed_throughput_rps": 3761.717748624652,
          "latency_ms": {
            "mean": 0.26556000011623837,
            "p50": 0.26556000011623837,
            "p95": 0.26556000011623837,
            "p99": 0.26556000011623837,
            "max": 0.26556000011623837
          },
          "errors": 0,
          "saturated": false
        },
        {
          "name": "burst-1",
          "pattern": "burst",
          "include_in_metrics": true,
          "duration_s": 0.6,
          "demand_rps": 40.0,
          "observed_throughput_rps": 41.73043627941145,
          "latency_ms": {
            "mean": 0.2744576250108821,
            "p50": 0.26377699998647586,
            "p95": 0.38423299989744925,
            "p99": 0.4172494100498625,
            "max": 0.4253300000982563
          },
          "errors": 0,
          "saturated": false
        },
        {
          "name": "burst-2",
          "pattern": "burst",
          "include_in_metrics": true,
          "duration_s": 0.3,
          "demand_rps": 220.0,
          "observed_throughput_rps": 223.050860979443,
          "latency_ms": {
            "mean": 0.21398146271221505,
            "p50": 0.18834299999070936,
            "p95": 0.3707073001578465,
            "p99": 0.6483316000003474,
            "max": 0.7291090000762779
          },
          "errors": 0,
          "saturated": false
        },
        {
          "name": "burst-3",
          "pattern": "burst",
          "include_in_metrics": true,
          "duration_s": 0.9,
          "demand_rps": 80.0,
          "observed_throughput_rps": 81.06364942522269,
          "latency_ms": {
            "mean": 0.24337410958065597,
            "p50": 0.21929999979874992,
            "p95": 0.42369360007796786,
            "p99": 0.4721506400892395,
            "max": 0.5172679998395324
          },
          "errors": 0,
          "saturated": false
        },
        {
          "name": "burst-4",
          "pattern": "burst",
          "include_in_metrics": true,
          "duration_s": 0.3,
          "demand_rps": 260.0,
          "observed_throughput_rps": 263.32443998933667,
          "latency_ms": {
            "mean": 0.20238762024896056,
            "p50": 0.1825699998789787,
            "p95": 0.3512200999921333,
            "p99": 0.4838321800116317,
            "max": 0.5848179998793057
          },
          "errors": 0,
          "saturated": false
        }
      ],
      "saturation_points": [],
      "failure_modes": []
    },
    {
      "id": "ramp-tenant-rotation",
      "pattern": "ramp",
      "total_requests": 250,
      "included_requests": 249,
      "success_count": 250,
      "error_count": 0,
      "throughput_rps": 42.05651806933312,
      "error_rate": 0.0,
      "metrics": {
        "latency_ms": {
          "mean": 0.28884977108916415,
          "p50": 0.236951000033514,
          "p95": 0.48214560001724743,
          "p99": 0.7036857999446524,
          "max": 7.728879000069355
        }
      },
      "stage_metrics": [
        {
          "name": "warmup",
          "pattern": "warmup",
          "include_in_metrics": false,
          "duration_s": 0.9,
          "demand_rps": 1.0,
          "observed_throughput_rps": 0.0,
          "latency_ms": {
            "mean": 0.3871050000725518,
            "p50": 0.3871050000725518,
            "p95": 0.3871050000725518,
            "p99": 0.3871050000725518,
            "max": 0.3871050000725518
          },
          "errors": 0,
          "saturated": false
        },
        {
          "name": "ramp-1",
          "pattern": "ramp",
          "include_in_metrics": true,
          "duration_s": 3.0,
          "demand_rps": 129.94565217391303,
          "observed_throughput_rps": 31.23376948414533,
          "latency_ms": {
            "mean": 0.2852048695682124,
            "p50": 0.26804900005572563,
            "p95": 0.49233964999757523,
            "p99": 0.6470698500311305,