{
  "metadata": {
    "iterations_per_repeat": 100000,
    "repeat": 15,
    "warmup": 10000,
    "python_version": "3.12.10",
    "platform": "Linux-6.12.13-x86_64-with-glibc2.39",
    "implementation": "CPython",
    "forzium_version": null,
    "forzium_engine_attributes": [
      "ComputeEngine",
      "ComputeRequestSchema",
      "ForziumHttpServer",
      "LinearModel",
      "PoolAllocator",
      "add",
      "conv2d",
      "current_span_id",
      "echo_list",
      "echo_u64",
      "elementwise_add",
      "elementwise_mul",
      "force_gc",
      "forzium_engine",
      "matmul",
      "max_pool2d",
      "multiply",
      "noop",
      "normalize",
      "reshape",
      "scale",
      "simd_elementwise_add",
      "simd_matmul",
      "sum_list",
      "transpose",
      "trigger_panic"
    ]
  },
  "results": [
    {
      "label": "python_increment",
      "samples_seconds": [
        0.01225572399999919,
        0.012300041999992573,
        0.013044004999983372,
        0.011566303999984484,
        0.01230376600000227,
        0.011940620000018498,
        0.011996543999998721,
        0.011923906999982137,
        0.012106163999987984,
        0.011827747000040745,
        0.011640505999992001,
        0.012498322999988432,
        0.011611420000008366,
        0.012062218000039593,
        0.011557952999964982
      ],
      "per_call_ns": 120.42349533332222,
      "per_call_stddev_ns": 4.032841007551035,
      "per_call_median_ns": 119.9654399999872,
      "calls_per_second": 8304027.359711518,
      "relative_to_python_baseline": 1.0
    },
    {
      "label": "python_noop",
      "samples_seconds": [
        0.01026774199999636,
        0.010432535999996162,
        0.01050238900000977,
        0.010636016999967524,
        0.010384917000010319,
        0.010546090999980606,
        0.010652513999957591,
        0.01079360699998233,
        0.010764728999959061,
        0.010763617999998587,
        0.010872104999975818,
        0.010934189000010974,
        0.010971443000016734,
        0.010701834000030885,
        0.010546722000015052
      ],
      "per_call_ns": 106.51363533327185,
      "per_call_stddev_ns": 2.0527130203192816,
      "per_call_median_ns": 106.52513999957591,
      "calls_per_second": 9388469.343582984,
      "relative_to_python_baseline": 0.8844921419898248
    },
    {
      "label": "rust_noop",
      "samples_seconds": [
        0.010414784000033706,
        0.010587269999973614,
        0.01052283400002807,
        0.010303143999976783,
        0.010325012999999217,
        0.0101539510000066,
        0.010240917999965404,
        0.010173618000010265,
        0.010148125999990043,
        0.011243167999964498,
        0.010224230000005718,
        0.010220126999968215,
        0.010385450999990553,
        0.010169049000012365,
        0.011652559999959067
      ],
      "per_call_ns": 104.50949533325608,
      "per_call_stddev_ns": 4.32898692640493,
      "per_call_median_ns": 103.03143999976783,
      "calls_per_second": 9568508.553325575,
      "relative_to_python_baseline": 0.8678497085970017
    },
    {
      "label": "rust_echo_u64",
      "samples_seconds": [
        0.01291319899996779,
        0.013179515999979685,
        0.012628743999982817,
        0.012923130999979549,
        0.012887507000016285,
        0.012946620999969127,
        0.012705841000013152,
        0.01277428499997768,
        0.012857786999973086,
        0.012959765999994488,
        0.012741165000022647,
        0.013247655000043324,
        0.013019084000006842,
        0.012817184000027737,
        0.012881252999989101
      ],
      "per_call_ns": 128.9884919999622,
      "per_call_stddev_ns": 1.6498211633638282,
      "per_call_median_ns": 128.87507000016285,
      "calls_per_second": 7752629.591175413,
      "relative_to_python_baseline": 1.0711239666556163
    }
  ]
}